EmailAddress,Password,recipientName,line1,line2,city,regionCode,regionName,countryCode,countryName,postalCode
test11101@mailinator.com,Test@1234,test test,1230 Elm St,Suite 1,Manchester,NH,New Hampshire,US,United States,31100
test11102@mailinator.com,Test@1234,test test,1231 Elm St,Suite 1,Manchester,NH,New Hampshire,US,United States,31100
test11103@mailinator.com,Test@1234,test test,1232 Elm St,Suite 1,Manchester,NH,New Hampshire,US,United States,31100
test11104@mailinator.com,Test@1234,test test,1233 Elm St,Suite 1,Manchester,NH,New Hampshire,US,United States,31100
test11105@mailinator.com,Test@1234,test test,1234 Elm St,Suite 1,Manchester,NH,New Hampshire,US,United States,31100
test11106@mailinator.com,Test@1234,test test,1235 Elm St,Suite 1,Manchester,NH,New Hampshire,US,United States,31100
test11107@mailinator.com,Test@1234,test test,1236 Elm St,Suite 1,Manchester,NH,New Hampshire,US,United States,31100
test11108@mailinator.com,Test@1234,test test,1237 Elm St,Suite 1,Manchester,NH,New Hampshire,US,United States,31100
test11109@mailinator.com,Test@1234,test test,1238 Elm St,Suite 1,Manchester,NH,New Hampshire,US,United States,31100
test111010@mailinator.com,Test@1234,test test,1239 Elm St,Suite 1,Manchester,NH,New Hampshire,US,United States,31100
