EmailAddress,Password,recipientName,line1,line2,city,regionCode,regionName,countryCode,countryName,postalCode
test78787@mailinator.com,Test@1234,test test,1230 Elm St,Suite 1,Manchester,NH,New Hampshire,US,United States,31100
test78788@mailinator.com,Test@1234,test test,1231 Elm St,Suite 1,Manchester,NH,New Hampshire,US,United States,31100
test78789@mailinator.com,Test@1234,test test,1232 Elm St,Suite 1,Manchester,NH,New Hampshire,US,United States,31100
test78790@mailinator.com,Test@1234,test test,1233 Elm St,Suite 1,Manchester,NH,New Hampshire,US,United States,31100
test78791@mailinator.com,Test@1234,test test,1234 Elm St,Suite 1,Manchester,NH,New Hampshire,US,United States,31100
test78792@mailinator.com,Test@1234,test test,1235 Elm St,Suite 1,Manchester,NH,New Hampshire,US,United States,31100
test78793@mailinator.com,Test@1234,test test,1236 Elm St,Suite 1,Manchester,NH,New Hampshire,US,United States,31100
test78794@mailinator.com,Test@1234,test test,1237 Elm St,Suite 1,Manchester,NH,New Hampshire,US,United States,31100
test78795@mailinator.com,Test@1234,test test,1238 Elm St,Suite 1,Manchester,NH,New Hampshire,US,United States,31100
test78796@mailinator.com,Test@1234,test test,1239 Elm St,Suite 1,Manchester,NH,New Hampshire,US,United States,31100
