EmailAddress,Password
testpat2909@gmail.com,Test@1234
testpat2909@gmail.com,Test@1234
pan124pat14@mailinator.com,Test@1234
pan124pat15@mailinator.com,Test@1234
pan124pat16@mailinator.com,Test@1234
pan124pat18@mailinator.com,Test@1234
pan124pat19@mailinator.com,Test@1234
pan124pat20@mailinator.com,Test@1234
pan124pat21@mailinator.com,Test@1234
pan124pat22@mailinator.com,Test@1234
pan124pat23@mailinator.com,Test@1234
pan124pat24@mailinator.com,Test@1234
pan124pat25@mailinator.com,Test@1234
pan124pat26@mailinator.com,Test@1234
pan124pat27@mailinator.com,Test@1234
pan124pat28@mailinator.com,Test@1234
pan124pat29@mailinator.com,Test@1234
pan124pat30@mailinator.com,Test@1234
pan124pat31@mailinator.com,Test@1234
pan124pat32@mailinator.com,Test@1234
pan124pat33@mailinator.com,Test@1234
pan124pat34@mailinator.com,Test@1234
pan124pat35@mailinator.com,Test@1234
pan124pat36@mailinator.com,Test@1234
pan124pat37@mailinator.com,Test@1234
pan124pat38@mailinator.com,Test@1234
pan124pat39@mailinator.com,Test@1234
pan124pat40@mailinator.com,Test@1234
pan124pat41@mailinator.com,Test@1234
pan124pat42@mailinator.com,Test@1234
pan124pat43@mailinator.com,Test@1234
pan124pat44@mailinator.com,Test@1234
pan124pat45@mailinator.com,Test@1234
pan124pat46@mailinator.com,Test@1234
pan124pat47@mailinator.com,Test@1234
pan124pat48@mailinator.com,Test@1234
pan124pat49@mailinator.com,Test@1234
pan124pat50@mailinator.com,Test@1234
pan124pat51@mailinator.com,Test@1234
pan124pat52@mailinator.com,Test@1234
pan124pat53@mailinator.com,Test@1234
pan124pat54@mailinator.com,Test@1234
pan124pat55@mailinator.com,Test@1234
pan124pat56@mailinator.com,Test@1234
pan124pat57@mailinator.com,Test@1234
pan124pat58@mailinator.com,Test@1234
pan124pat59@mailinator.com,Test@1234
pan124pat60@mailinator.com,Test@1234
pan124pat61@mailinator.com,Test@1234
pan124pat62@mailinator.com,Test@1234
pan124prac12@mailinator.com,Test@1234
pan124prac13@mailinator.com,Test@1234
pan124prac14@mailinator.com,Test@1234
pan124prac15@mailinator.com,Test@1234
pan124prac17@mailinator.com,Test@1234
pan124prac18@mailinator.com,Test@1234
pan124prac19@mailinator.com,Test@1234
pan124prac20@mailinator.com,Test@1234
pan124prac21@mailinator.com,Test@1234
pan124prac22@mailinator.com,Test@1234
pan124prac23@mailinator.com,Test@1234
pan124prac24@mailinator.com,Test@1234
pan124prac25@mailinator.com,Test@1234
pan124prac26@mailinator.com,Test@1234
pan124prac27@mailinator.com,Test@1234
pan124prac28@mailinator.com,Test@1234
pan124prac29@mailinator.com,Test@1234
pan124prac30@mailinator.com,Test@1234
pan124prac31@mailinator.com,Test@1234
pan124prac32@mailinator.com,Test@1234
pan124prac33@mailinator.com,Test@1234
pan124prac34@mailinator.com,Test@1234
pan124prac35@mailinator.com,Test@1234
pan124prac36@mailinator.com,Test@1234
pan124prac37@mailinator.com,Test@1234
pan124prac38@mailinator.com,Test@1234
pan124prac39@mailinator.com,Test@1234
pan124prac40@mailinator.com,Test@1234
pan124prac41@mailinator.com,Test@1234
pan124prac42@mailinator.com,Test@1234
pan124prac43@mailinator.com,Test@1234
pan124prac44@mailinator.com,Test@1234
pan124prac45@mailinator.com,Test@1234
pan124prac46@mailinator.com,Test@1234
pan124prac47@mailinator.com,Test@1234
pan124prac48@mailinator.com,Test@1234
pan124prac49@mailinator.com,Test@1234
pan124prac50@mailinator.com,Test@1234
pan124prac51@mailinator.com,Test@1234
pan124prac52@mailinator.com,Test@1234
pan124prac53@mailinator.com,Test@1234
pan124prac54@mailinator.com,Test@1234
pan124prac55@mailinator.com,Test@1234
pan124prac56@mailinator.com,Test@1234
pan124prac57@mailinator.com,Test@1234
pan124prac58@mailinator.com,Test@1234
pan124prac59@mailinator.com,Test@1234
pan124prac60@mailinator.com,Test@1234
pan124prac61@mailinator.com,Test@1234
pan124prac62@mailinator.com,Test@1234
