Label,# Samples,Average,Min,Max,Std. Dev.,Error %,Throughput,Received KB/sec,Sent KB/sec,Avg. Bytes
 Discount_Workflow_ BOGO Promo- BOGO1& BOGO2:Initiate Login Page,10,7997,6619,9256,810.31,0.00%,1.074,6.78,1.7,6467.8
 Discount_Workflow_ BOGO Promo- BOGO1& BOGO2:Account Login ,10,11236,8549,12686,1147.79,0.00%,0.6898,3.61,2.76,5358
 Discount_Workflow_ BOGO Promo- BOGO1& BOGO2:Search items (POST/search),10,2899,1647,4880,839.77,0.00%,1.15567,27.01,0.95,23933
 Discount_Workflow_ BOGO Promo- BOGO1& BOGO2:Search Brand Specific Items(POST/search),10,2875,1666,4618,676.37,0.00%,0.86029,0.84,0.73,996
 Discount_Workflow_ BOGO Promo- BOGO1& BOGO2:Add to cart,500,3587,1433,11631,1519.48,0.00%,2.60135,2.23,2.16,878.9
 Discount_Workflow_ BOGO Promo- BOGO1& BOGO2:Get Cart ,10,32335,3522,60371,28025.01,50.00%,0.13509,0.66,0.1,5024.3
 Discount_Workflow_ BOGO Promo- BOGO1& BOGO2:Product Detail,5,2318,1412,3440,698.66,0.00%,0.38766,1.12,0.27,2952
 Discount_Workflow_ BOGO Promo- BOGO1& BOGO2:Shipping Address Validate(POST/address/validate),5,2020,1115,2795,625.06,0.00%,0.42148,0.4,0.4,960
 Discount_Workflow_ BOGO Promo- BOGO1& BOGO2:Add Shipping Address(POST /cart/shippingaddress),5,3756,2441,5430,1052.69,0.00%,0.42907,2.06,0.47,4904.6
 Discount_Workflow_ BOGO Promo- BOGO1& BOGO2:Select  Delivery Method(POST /cart/shipvia),5,1347,909,1605,236.54,80.00%,0.70107,0.52,0.64,754
 Discount_Workflow_ BOGO Promo- BOGO1& BOGO2:Add Payment details(POST /cart/payment),1,1402,1402,1402,0,0.00%,0.71327,0.81,0.74,1170
 Discount_Workflow_ BOGO Promo- BOGO1& BOGO2:Post Payment details to cart,1,1737,1737,1737,0,0.00%,0.57571,2.84,0.75,5054
 Discount_Workflow_ BOGO Promo- BOGO1& BOGO2:PromoCode(POST /cart/promocode/{promocode}),2,2002,1999,2006,3.5,0.00%,0.49913,2.45,0.41,5024.5
 Discount_Workflow_ BOGO Promo- BOGO1& BOGO2:Get Cart Details with promocode discount discountTotal,1,1714,1714,1714,0,0.00%,0.58343,2.92,0.44,5119
 Discount_Workflow_ BOGO Promo- BOGO1& BOGO2:Normal Checkout (POST /order),1,2872,2872,2872,0,0.00%,0.34819,0.28,0.3,821
 Discount_Workflow_ BOGO Promo- BOGO1& BOGO2:Order Summary (/api/cart/summary),1,794,794,794,0,0.00%,1.25945,0.97,0.94,791
 Discount_Workflow_ BOGO Promo- BOGO1& BOGO2:Debug Sampler,1,0,0,0,0,0.00%,0,0,0,2516
TOTAL,578,4199,0,60371,5575.97,1.56%,2.12789,3.35,1.91,1610.1
